1,JF078,DS. CLURING,1-2,KONTRUKSI TRAFO 1 TIANG 2 JURUSAN (<160 kVA),5/1/2006,114.197018,-8.414826432
2,JF361,JL. YOS SUDARSO,1-2,KONTRUKSI TRAFO 1 TIANG 2 JURUSAN (<160 kVA),4/28/2011,114.1841424,-8.438451164
3,JF362,DS.BANGOREJO,1-2,KONTRUKSI TRAFO 1 TIANG 2 JURUSAN (<160 kVA),12/22/2009,114.1571907,-8.467600483
4,JF074,DS.BANGOREJO,1-2,KONTRUKSI TRAFO 1 TIANG 2 JURUSAN (<160 kVA),8/16/2010,114.1704449,-8.464559524
5,JF071,DS. CEMETUK,1-2,KONTRUKSI TRAFO 1 TIANG 2 JURUSAN (<160 kVA),4/29/2012,114.1848131,-8.415985209
6,JF011,KRAJAN,1-2,KONTRUKSI TRAFO 1 TIANG 2 JURUSAN (<160 kVA),4/28/2012,114.1815109,-8.43681362
7,JF040,HOTEL BARU INDAH,1-2,KONTRUKSI TRAFO 1 TIANG 2 JURUSAN (<160 kVA),2/6/2010,114.1814727,-8.437581799
8,JF013,JL PANGLIMA BESAR SUDIRMAN  -  JAJAG,1-2,KONTRUKSI TRAFO 1 TIANG 2 JURUSAN (<160 kVA),7/18/2007,114.1836746,-8.438321463
9,JF037,JL. RAYA JAJAG,1-2,KONTRUKSI TRAFO 1 TIANG 2 JURUSAN (<160 kVA),7/18/2007,114.1841611,-8.438692064
10,JF041,DS. KAMPUNGBARU,1-2,KONTRUKSI TRAFO 1 TIANG 2 JURUSAN (<160 kVA),7/18/2007,114.1823105,-8.44046626
11,JF029,DS. CLURING,1-2,KONTRUKSI TRAFO 1 TIANG 2 JURUSAN (<160 kVA),4/29/2012,114.1859261,-8.405379671
12,JF343,DS. BULUSARI,1-2,KONTRUKSI TRAFO 1 TIANG 2 JURUSAN (<160 kVA),3/1/2004,114.1888701,-8.424963957
13,JF066,DS. BULUSARI,1-2,KONTRUKSI TRAFO 1 TIANG 2 JURUSAN (<160 kVA),6/27/2007,114.1857244,-8.431441777
14,JF002,DS. KRAJAN,1-2,KONTRUKSI TRAFO 1 TIANG 2 JURUSAN (<160 kVA),5/24/2012,114.185334,-8.434891524
15,JF014,JL. PB SUDIRMAN,1-2,KONTRUKSI TRAFO 1 TIANG 2 JURUSAN (<160 kVA),4/30/2008,114.1892929,-8.439936561
16,JF080,DS. YOSOWINANGUN,1-2,KONTRUKSI TRAFO 1 TIANG 2 JURUSAN (<160 kVA),5/1/2006,114.192301,-8.438934362
17,JF076,DS. CLURING,1-2,KONTRUKSI TRAFO 1 TIANG 2 JURUSAN (<160 kVA),5/1/2008,114.1912168,-8.409781517
18,JF244,DN.PADANG BULAN TEGAL REJO,1-2,KONTRUKSI TRAFO 1 TIANG 2 JURUSAN (<160 kVA),5/3/2007,114.1232513,-8.413092391
19,JF020,DS. JAJAG,1-2,KONTRUKSI TRAFO 1 TIANG 2 JURUSAN (<160 kVA),6/29/2011,114.1834574,-8.442824869
20,JF084,DS.SEMBULUNG,1-2,KONTRUKSI TRAFO 1 TIANG 2 JURUSAN (<160 kVA),10/19/2011,114.1927804,-8.44278782
21,JF088,DS.JAJAG,1-2,KONTRUKSI TRAFO 1 TIANG 2 JURUSAN (<160 kVA),8/3/2012,114.1810465,-8.437390779
22,JF359,DS. PURWODADI,1-2,KONTRUKSI TRAFO 1 TIANG 2 JURUSAN (<160 kVA),11/5/2008,114.1756522,-8.453677584
23,JF016,DS. JAJAG,1-2,KONTRUKSI TRAFO 1 TIANG 2 JURUSAN (<160 kVA),4/28/2012,114.1804426,-8.447325319
24,JF012,DS. KRAJAN,1-2,KONTRUKSI TRAFO 1 TIANG 2 JURUSAN (<160 kVA),3/15/2006,114.1791782,-8.44079396
25,JF046,DS. GEMBOLO,1-2,KONTRUKSI TRAFO 1 TIANG 2 JURUSAN (<160 kVA),6/29/2007,114.1734192,-8.455152423
26,JF230,DS. BANGOSERE,1-2,KONTRUKSI TRAFO 1 TIANG 2 JURUSAN (<160 kVA),11/12/2008,114.1703664,-8.472275613
27,JF047,DS. BANGOSERE,1-2,KONTRUKSI TRAFO 1 TIANG 2 JURUSAN (<160 kVA),7/18/2007,114.1657619,-8.461767021
28,JF023,DS. PURWODADI,1-2,KONTRUKSI TRAFO 1 TIANG 2 JURUSAN (<160 kVA),7/18/2007,114.176784,-8.450662934
29,JF245,DN.PADANG BULAN TEGAL REJO,1-2,KONTRUKSI TRAFO 1 TIANG 2 JURUSAN (<160 kVA),12/28/2006,114.1269826,-8.438640976
30,JF304,DN.SUMBER AGUNG,1-2,KONTRUKSI TRAFO 1 TIANG 2 JURUSAN (<160 kVA),3/20/2006,114.1195434,-8.444633718
31,JF340,DN.SUMBER AGUNG-KARANG DORO,1-2,KONTRUKSI TRAFO 1 TIANG 2 JURUSAN (<160 kVA),5/3/2008,114.1201817,-8.442582095
32,JF243,DN.PADANG BULAN TEGAL REJO,1-2,KONTRUKSI TRAFO 1 TIANG 2 JURUSAN (<160 kVA),2/5/2007,114.1241589,-8.420821581
33,JF220,DS.TEGAL SARI-KRAJAN,1-2,KONTRUKSI TRAFO 1 TIANG 2 JURUSAN (<160 kVA),5/11/1996,114.1364266,-8.40951618
34,JF067,DS. SIDOMUKTI,1-2,KONTRUKSI TRAFO 1 TIANG 2 JURUSAN (<160 kVA),4/15/2012,114.1870229,-8.418300141
35,JF305,DN.SUMBER KEMBANG,1-2,KONTRUKSI TRAFO 1 TIANG 2 JURUSAN (<160 kVA),11/8/2002,114.1283976,-8.450243487
36,JF188,DS.TANJUNGREJO,1-2,KONTRUKSI TRAFO 1 TIANG 2 JURUSAN (<160 kVA),5/15/2015,114.1381739,-8.456482356
37,JF344,DS.BULUSARI,1-2,KONTRUKSI TRAFO 1 TIANG 2 JURUSAN (<160 kVA),4/30/2015,114.1895426,-8.425180038
38,JF070,DS.SERE,1-2,KONTRUKSI TRAFO 1 TIANG 2 JURUSAN (<160 kVA),5/18/2015,114.168522,-8.46320598
39,JF116,DS.PETAHUNAN,1-2,KONTRUKSI TRAFO 1 TIANG 2 JURUSAN (<160 kVA),4/28/2012,114.1821303,-8.445775459
40,JF178,DS.CEMETUK,1-2,KONTRUKSI TRAFO 1 TIANG 2 JURUSAN (<160 kVA),,114.1952308,-8.417450697
41,JF042,DS. WRINGINAGUNG,1-2,KONTRUKSI TRAFO 1 TIANG 2 JURUSAN (<160 kVA),7/18/2007,114.1814175,-8.433137038
42,JF145,DS. PETAHUNAN,1-2,KONTRUKSI TRAFO 1 TIANG 2 JURUSAN (<160 kVA),8/31/2007,114.1835701,-8.448382013
43,JF105,DS. PETAUNAN,1-2,KONTRUKSI TRAFO 1 TIANG 2 JURUSAN (<160 kVA),1/7/2011,114.183246,-8.452334623
44,JF045,DS. WRINGINAGUNG,1-2,KONTRUKSI TRAFO 1 TIANG 2 JURUSAN (<160 kVA),7/18/2007,114.1801643,-8.435781504
45,JF051,DS. KEBONDALEM,1-2,KONTRUKSI TRAFO 1 TIANG 2 JURUSAN (<160 kVA),7/18/2007,114.1589496,-8.466598
46,JF287,DS. SENDANGREJO,1-2,KONTRUKSI TRAFO 1 TIANG 2 JURUSAN (<160 kVA),10/18/2008,114.1496415,-8.458160922
47,JF288,DS. KEBONDALEM,1-2,KONTRUKSI TRAFO 1 TIANG 2 JURUSAN (<160 kVA),11/12/2008,114.1350757,-8.456544386
48,JF234,DS.PADANGBULAN,1-2,KONTRUKSI TRAFO 1 TIANG 2 JURUSAN (<160 kVA),2/5/2007,114.1228603,-8.427575619
49,JF192,DS.JAJAG,1-2,KONTRUKSI TRAFO 1 TIANG 2 JURUSAN (<160 kVA),6/29/2011,114.1860358,-8.443467066
50,JF349,DS.GEMBOLO,1-2,KONTRUKSI TRAFO 1 TIANG 2 JURUSAN (<160 kVA),3/3/2018,114.1761576,-8.453577723
51,JF091,DS.KRAJAN,1-2,KONTRUKSI TRAFO 1 TIANG 2 JURUSAN (<160 kVA),9/25/2018,114.1897882,-8.439707078
52,JF019,JL. PB SUDIRMAN,1-2,KONTRUKSI TRAFO 1 TIANG 2 JURUSAN (<160 kVA),10/10/2012,114.1872379,-8.43977716
53,JF346,DS.PURWODADI,1-2,KONTRUKSI TRAFO 1 TIANG 2 JURUSAN (<160 kVA),12/1/2017,114.1660275,-8.454889386
54,JF182,DS.KRAJAN,1-2,KONTRUKSI TRAFO 1 TIANG 2 JURUSAN (<160 kVA),8/31/2007,114.1831727,-8.450259884
55,JF190,DS.JAJAG,1-2,KONTRUKSI TRAFO 1 TIANG 2 JURUSAN (<160 kVA),9/20/2018,114.1865685,-8.440907814
56,JF406,DS.BOLO,1-2,KONTRUKSI TRAFO 1 TIANG 2 JURUSAN (<160 kVA),11/25/2018,114.1677423,-8.45669359
57,JF407,DS.TANJUNGREJO,1-2,KONTRUKSI TRAFO 1 TIANG 2 JURUSAN (<160 kVA),7/18/2007,114.162156,-8.464353284
58,JF415,DS.KRAJAN,1-2,KONTRUKSI TRAFO 1 TIANG 2 JURUSAN (<160 kVA),8/31/2007,114.1822875,-8.451249688
59,JF420,DS. WRINGINAGUNG,1-2,KONTRUKSI TRAFO 1 TIANG 2 JURUSAN (<160 kVA),7/18/2007,114.1793403,-8.432652207
60,JF416,DS. BULUSARI,1-2,KONTRUKSI TRAFO 1 TIANG 2 JURUSAN (<160 kVA),3/1/2004,114.1870852,-8.426432353
61,JF403,DS.JATISARI,1-2,KONTRUKSI TRAFO 1 TIANG 2 JURUSAN (<160 kVA),,114.1911217,-8.422669956
62,JF428,DS. BANGOSERE,1-2,KONTRUKSI TRAFO 1 TIANG 2 JURUSAN (<160 kVA),7/18/2007,114.1650569,-8.462291357
63,JF394,DS.SEMBULUNG,1-2,KONTRUKSI TRAFO 1 TIANG 2 JURUSAN (<160 kVA),12/6/2019,114.1935082,-8.444664863
64,JF048,DS. BANGOREJO,2-1,KONTRUKSI TRAFO 2 TIANG 4 JURUSAN (Daya 160  s/d 250kVA),7/18/2007,114.1788722,-8.467626331
65,JG134,DS. KARANGDORO,2-1,KONTRUKSI TRAFO 2 TIANG 4 JURUSAN (Daya 160  s/d 250kVA),3/1/2004,114.1029322,-8.448050042
66,JG326,DS. BLOKAGUNG,2-1,KONTRUKSI TRAFO 2 TIANG 4 JURUSAN (Daya 160  s/d 250kVA),9/1/2007,114.1005535,-8.450180608
67,JG133,DS. BLOKAGUNG,2-1,KONTRUKSI TRAFO 2 TIANG 4 JURUSAN (Daya 160  s/d 250kVA),7/18/2007,114.0966014,-8.449725914
68,JG325,DS. SUMBERURIP BARUREJO,2-1,KONTRUKSI TRAFO 2 TIANG 4 JURUSAN (Daya 160  s/d 250kVA),9/25/1997,114.0861188,-8.448873483
69,JG363,DS.PESANGGANRAN,2-1,KONTRUKSI TRAFO 2 TIANG 4 JURUSAN (Daya 160  s/d 250kVA),12/22/2009,114.098352,-8.570260976
70,JG368,DS.BLOKAGUNG,2-1,KONTRUKSI TRAFO 2 TIANG 4 JURUSAN (Daya 160  s/d 250kVA),12/29/2009,114.1113575,-8.448096711
71,JG367,DS.BLOKAGUNG,2-1,KONTRUKSI TRAFO 2 TIANG 4 JURUSAN (Daya 160  s/d 250kVA),12/29/2009,114.1064805,-8.457798419
72,JG369,DS.KALIGESING,2-1,KONTRUKSI TRAFO 2 TIANG 4 JURUSAN (Daya 160  s/d 250kVA),12/28/2009,114.1258485,-8.461789308
73,JG203,DS.RINGINAGUNG,2-1,KONTRUKSI TRAFO 2 TIANG 4 JURUSAN (Daya 160  s/d 250kVA),2/8/2012,114.0783651,-8.58808115
74,JF173,DS.  SEMBULUNG,2-1,KONTRUKSI TRAFO 2 TIANG 4 JURUSAN (Daya 160  s/d 250kVA),6/27/2007,114.2067216,-8.45210896
75,JF027,DS. PASEMBON,2-1,KONTRUKSI TRAFO 2 TIANG 4 JURUSAN (Daya 160  s/d 250kVA),7/18/2007,114.14646,-8.485278742
76,JF135,DS. BULUREJO,2-1,KONTRUKSI TRAFO 2 TIANG 4 JURUSAN (Daya 160  s/d 250kVA),5/25/2008,114.1953048,-8.475441869
77,JF291,DS. BULUREJO,2-1,KONTRUKSI TRAFO 2 TIANG 4 JURUSAN (Daya 160  s/d 250kVA),3/1/2004,114.1947089,-8.48320319
78,JF333,DS. SEMBULUNG,2-1,KONTRUKSI TRAFO 2 TIANG 4 JURUSAN (Daya 160  s/d 250kVA),10/13/2012,114.1962115,-8.444787987
79,JF065,DS. SEMBULUNG,2-1,KONTRUKSI TRAFO 2 TIANG 4 JURUSAN (Daya 160  s/d 250kVA),2/27/2005,114.2013787,-8.449164403
80,JF154,DS. SEMBULUNG,2-1,KONTRUKSI TRAFO 2 TIANG 4 JURUSAN (Daya 160  s/d 250kVA),4/23/2005,114.2060459,-8.457321497
81,JF258,DS. CURAH,2-1,KONTRUKSI TRAFO 2 TIANG 4 JURUSAN (Daya 160  s/d 250kVA),2/20/2008,114.2189299,-8.462119516
82,JG247,DS. SUMBERMANGGIS,2-1,KONTRUKSI TRAFO 2 TIANG 4 JURUSAN (Daya 160  s/d 250kVA),3/1/2004,114.0931997,-8.436189401
83,JG207,DS.RINGINAGUNG,2-1,KONTRUKSI TRAFO 2 TIANG 4 JURUSAN (Daya 160  s/d 250kVA),12/12/2012,114.0663447,-8.580068399
84,JG210,DS.KRAJAN,2-1,KONTRUKSI TRAFO 2 TIANG 4 JURUSAN (Daya 160  s/d 250kVA),11/27/2012,114.1004252,-8.563131419
85,JF087,DS.KEBONREJO,2-1,KONTRUKSI TRAFO 2 TIANG 4 JURUSAN (Daya 160  s/d 250kVA),8/3/2012,114.1405602,-8.485683675
86,JF094,DS.KEBONDALEM,2-1,KONTRUKSI TRAFO 2 TIANG 4 JURUSAN (Daya 160  s/d 250kVA),12/27/2013,114.1419801,-8.470759363
87,JG338,DS. RINGINAGUNG,2-1,KONTRUKSI TRAFO 2 TIANG 4 JURUSAN (Daya 160  s/d 250kVA),2/16/1987,114.083509,-8.573541144
88,JG273,DS. RINGINMULYO,2-1,KONTRUKSI TRAFO 2 TIANG 4 JURUSAN (Daya 160  s/d 250kVA),5/21/2006,114.0747929,-8.57320658
89,JG064,DS. KRAJAN,2-1,KONTRUKSI TRAFO 2 TIANG 4 JURUSAN (Daya 160  s/d 250kVA),4/24/2007,114.0990985,-8.565792789
90,JG006,DS. RINGINMULYO,2-1,KONTRUKSI TRAFO 2 TIANG 4 JURUSAN (Daya 160  s/d 250kVA),7/18/2007,114.0982337,-8.573081506
91,JG271,DS. RINGINSARI,2-1,KONTRUKSI TRAFO 2 TIANG 4 JURUSAN (Daya 160  s/d 250kVA),5/21/2002,114.112754,-8.583393842
92,JG270,DS. RINGINSARI,2-1,KONTRUKSI TRAFO 2 TIANG 4 JURUSAN (Daya 160  s/d 250kVA),2/27/2004,114.1013812,-8.578424351
93,JG354,DS. RINGINSARI,2-1,KONTRUKSI TRAFO 2 TIANG 4 JURUSAN (Daya 160  s/d 250kVA),9/25/2007,114.1132144,-8.591520691
94,JG005,DS. SUMBERURIP BARUREJO,2-1,KONTRUKSI TRAFO 2 TIANG 4 JURUSAN (Daya 160  s/d 250kVA),5/16/2012,114.0884362,-8.44913625
95,JG231,DS. BLOKAGUNG,2-1,KONTRUKSI TRAFO 2 TIANG 4 JURUSAN (Daya 160  s/d 250kVA),3/1/2004,114.106675,-8.44375856
96,JG347,DS. KARANGDORO,2-1,KONTRUKSI TRAFO 2 TIANG 4 JURUSAN (Daya 160  s/d 250kVA),4/24/2012,114.1032384,-8.43850925
97,JG309,DS. BARUREJO,2-1,KONTRUKSI TRAFO 2 TIANG 4 JURUSAN (Daya 160  s/d 250kVA),4/28/2012,114.1007511,-8.431392796
98,JG358,DS. KARANGDORO,2-1,KONTRUKSI TRAFO 2 TIANG 4 JURUSAN (Daya 160  s/d 250kVA),10/13/2008,114.1019705,-8.426045256
99,JF053,DS. KEBONREJO,2-1,KONTRUKSI TRAFO 2 TIANG 4 JURUSAN (Daya 160  s/d 250kVA),7/18/2007,114.1368341,-8.485484496
100,JF054,DS. KEBONDALEM,2-1,KONTRUKSI TRAFO 2 TIANG 4 JURUSAN (Daya 160  s/d 250kVA),10/16/2007,114.1335854,-8.484102594
101,JF007,DS. KEBONDALEM,2-1,KONTRUKSI TRAFO 2 TIANG 4 JURUSAN (Daya 160  s/d 250kVA),6/28/2007,114.1323642,-8.477629522
102,JF194,DS. KEBONDALEM,2-1,KONTRUKSI TRAFO 2 TIANG 4 JURUSAN (Daya 160  s/d 250kVA),6/27/2007,114.1350749,-8.470747234
103,JF052,DS. GUNUNGSARI,2-1,KONTRUKSI TRAFO 2 TIANG 4 JURUSAN (Daya 160  s/d 250kVA),7/18/2007,114.1492338,-8.479628346
104,JF008,DS. KEBONDALEM,2-1,KONTRUKSI TRAFO 2 TIANG 4 JURUSAN (Daya 160  s/d 250kVA),4/8/2009,114.1309686,-8.472250552
105,JF055,DS. YUDOMULYO,2-1,KONTRUKSI TRAFO 2 TIANG 4 JURUSAN (Daya 160  s/d 250kVA),11/27/2008,114.1356359,-8.491045916
106,JF168,DS. PASEMBON,2-1,KONTRUKSI TRAFO 2 TIANG 4 JURUSAN (Daya 160  s/d 250kVA),2/21/2012,114.1461279,-8.495080457
107,JF167,DS. KEDUNGAGUNG,2-1,KONTRUKSI TRAFO 2 TIANG 4 JURUSAN (Daya 160  s/d 250kVA),2/19/2008,114.1540117,-8.511216847
108,JG337,DS. PESANGGARAN,2-1,KONTRUKSI TRAFO 2 TIANG 4 JURUSAN (Daya 160  s/d 250kVA),4/24/2007,114.0996761,-8.564607115
109,JG039,DS. SUMBERMULYO,2-1,KONTRUKSI TRAFO 2 TIANG 4 JURUSAN (Daya 160  s/d 250kVA),3/1/2004,114.0910993,-8.564012642
110,JF050,DS. KARANGREJO,2-1,KONTRUKSI TRAFO 2 TIANG 4 JURUSAN (Daya 160  s/d 250kVA),7/18/2007,114.1784491,-8.476687173
111,JF201,DS. PASEMBON,2-1,KONTRUKSI TRAFO 2 TIANG 4 JURUSAN (Daya 160  s/d 250kVA),12/15/2009,114.1612802,-8.502244691
112,JF026,DS. KEDUNGREJO,2-1,KONTRUKSI TRAFO 2 TIANG 4 JURUSAN (Daya 160  s/d 250kVA),7/18/2007,114.1607637,-8.507698649
113,JG237,DS.SUMBERMANGGIS,2-1,KONTRUKSI TRAFO 2 TIANG 4 JURUSAN (Daya 160  s/d 250kVA),12/1/2013,114.0829809,-8.435914506
114,JG233,DS.BLOKAGUNG,2-1,KONTRUKSI TRAFO 2 TIANG 4 JURUSAN (Daya 160  s/d 250kVA),5/5/2014,114.0990294,-8.450012544
115,JF200,DS. PASEMBON,2-1,KONTRUKSI TRAFO 2 TIANG 4 JURUSAN (Daya 160  s/d 250kVA),6/27/2007,114.1557041,-8.491406649
116,JF095,DS.YUDOMULYO,2-1,KONTRUKSI TRAFO 2 TIANG 4 JURUSAN (Daya 160  s/d 250kVA),,114.1376785,-8.499555359
117,JG104,DS.KRAJAN,2-1,KONTRUKSI TRAFO 2 TIANG 4 JURUSAN (Daya 160  s/d 250kVA),5/22/2015,114.0983699,-8.569635697
118,JG139,DS.MULYOASRI,2-1,KONTRUKSI TRAFO 2 TIANG 4 JURUSAN (Daya 160  s/d 250kVA),10/23/2015,114.0938151,-8.562509442
119,JG232,DS.BLOKAGUNG,2-1,KONTRUKSI TRAFO 2 TIANG 4 JURUSAN (Daya 160  s/d 250kVA),2/26/2016,114.0990712,-8.450632138
120,JF249,DS.BANGOREJO,2-1,KONTRUKSI TRAFO 2 TIANG 4 JURUSAN (Daya 160  s/d 250kVA),3/19/2016,114.1869045,-8.468382404
121,JF015,DS. BANGOREJO,2-1,KONTRUKSI TRAFO 2 TIANG 4 JURUSAN (Daya 160  s/d 250kVA),11/25/2007,114.1793896,-8.471301809
122,JF115,DS.BANGOREJO,2-1,KONTRUKSI TRAFO 2 TIANG 4 JURUSAN (Daya 160  s/d 250kVA),10/20/2016,114.1796591,-8.469658781
123,JG292,DS.REJOAGUNG,2-1,KONTRUKSI TRAFO 2 TIANG 4 JURUSAN (Daya 160  s/d 250kVA),5/20/2017,114.0916533,-8.581272415
124,JF034,DS. PURWODADI,2-1,KONTRUKSI TRAFO 2 TIANG 4 JURUSAN (Daya 160  s/d 250kVA),4/30/2008,114.1829148,-8.455172453
125,JF049,DS. BANGOREJO,2-1,KONTRUKSI TRAFO 2 TIANG 4 JURUSAN (Daya 160  s/d 250kVA),11/5/2011,114.1861721,-8.469255763
126,JF136,DS. BULUREJO,2-1,KONTRUKSI TRAFO 2 TIANG 4 JURUSAN (Daya 160  s/d 250kVA),1/13/2012,114.1948254,-8.472223547
127,JG332,DS.RINGINAGUNG,2-1,KONTRUKSI TRAFO 2 TIANG 4 JURUSAN (Daya 160  s/d 250kVA),5/20/2017,114.093932,-8.583924038
128,JF199,DS.PASEMBON,2-1,KONTRUKSI TRAFO 2 TIANG 4 JURUSAN (Daya 160  s/d 250kVA),6/27/2007,114.1560714,-8.494766145
129,JG093,DS.MULYOASI,2-1,KONTRUKSI TRAFO 2 TIANG 4 JURUSAN (Daya 160  s/d 250kVA),,114.0900927,-8.561806611
130,JF137,DS.PASEMBON,2-1,KONTRUKSI TRAFO 2 TIANG 4 JURUSAN (Daya 160  s/d 250kVA),2/19/2008,114.1551271,-8.52183454
131,JG274,DS. RINGINAGUNG,2-1,KONTRUKSI TRAFO 2 TIANG 4 JURUSAN (Daya 160  s/d 250kVA),2/23/2009,114.0805362,-8.582287611
132,JG345,DS.RINGINSARI,2-1,KONTRUKSI TRAFO 2 TIANG 4 JURUSAN (Daya 160  s/d 250kVA),9/25/2007,114.1078484,-8.594290847
133,JF284,DS.PASEMBON,2-1,KONTRUKSI TRAFO 2 TIANG 4 JURUSAN (Daya 160  s/d 250kVA),5/25/2017,114.1524637,-8.504011028
134,JF212,DS.PASEMBON,2-1,KONTRUKSI TRAFO 2 TIANG 4 JURUSAN (Daya 160  s/d 250kVA),5/26/2010,114.1575732,-8.500716786
135,JF202,DS.SAMBIREJO,2-1,KONTRUKSI TRAFO 2 TIANG 4 JURUSAN (Daya 160  s/d 250kVA),5/26/2010,114.1575706,-8.500913477
136,JF285,DS. PASEMBON,2-1,KONTRUKSI TRAFO 2 TIANG 4 JURUSAN (Daya 160  s/d 250kVA),9/1/2007,114.1543058,-8.508038911
137,JF286,DS.PASEMBON,2-1,KONTRUKSI TRAFO 2 TIANG 4 JURUSAN (Daya 160  s/d 250kVA),7/18/2007,114.1578112,-8.507956116
138,JG180,DS.RINGINAGUNG,2-1,KONTRUKSI TRAFO 2 TIANG 4 JURUSAN (Daya 160  s/d 250kVA),3/15/2018,114.1001764,-8.576898258
139,JF186,DS.PASEMBON,2-1,KONTRUKSI TRAFO 2 TIANG 4 JURUSAN (Daya 160  s/d 250kVA),4/23/2017,114.1459432,-8.498502536
140,JG209,DS.RINGINMULYO,2-1,KONTRUKSI TRAFO 2 TIANG 4 JURUSAN (Daya 160  s/d 250kVA),10/15/2012,114.0934742,-8.563084623
141,JG272,DS. RINGINAGUNG,2-1,KONTRUKSI TRAFO 2 TIANG 4 JURUSAN (Daya 160  s/d 250kVA),5/26/2012,114.091455,-8.574279374
142,JG392,DS.RINGINAGUNG,2-1,KONTRUKSI TRAFO 2 TIANG 4 JURUSAN (Daya 160  s/d 250kVA),3/1/2019,114.0884832,-8.580222488
143,JG393,DS.RINGINAGUNG,2-1,KONTRUKSI TRAFO 2 TIANG 4 JURUSAN (Daya 160  s/d 250kVA),6/8/2019,114.073452,-8.591586423
144,JG426,DS.PESANGGANRAN,2-1,KONTRUKSI TRAFO 2 TIANG 4 JURUSAN (Daya 160  s/d 250kVA),5/22/2019,114.098321,-8.571492976
145,JG373,DS. RINGINMULYO,2-1,KONTRUKSI TRAFO 2 TIANG 4 JURUSAN (Daya 160  s/d 250kVA),5/21/2006,114.0681569,-8.575455887
146,JG339,DN.KRAJAN,2-1,KONTRUKSI TRAFO 2 TIANG 4 JURUSAN (Daya 160  s/d 250kVA),9/25/2018,114.1040638,-8.568549833
147,JG435,DS. RINGINSARI,2-1,KONTRUKSI TRAFO 2 TIANG 4 JURUSAN (Daya 160  s/d 250kVA),9/25/2007,114.1149498,-8.588430586
148,JG432,DS.BLOKAGUNG,2-1,KONTRUKSI TRAFO 2 TIANG 4 JURUSAN (Daya 160  s/d 250kVA),12/29/2009,114.1091983,-8.45979849
149,JF452,DS. GUNUNGSARI,2-1,KONTRUKSI TRAFO 2 TIANG 4 JURUSAN (Daya 160  s/d 250kVA),7/18/2007,114.1506311,-8.476446949
150,JF125,DS. KEDUNGRINGIN,2-2,KONTRUKSI TRAFO 2 TIANG 4 JURUSAN (Daya 160  s/d 250kVA),5/25/2008,114.1908916,-8.511552719
151,JF357,DS. KEDUNGREJO,2-2,KONTRUKSI TRAFO 2 TIANG 4 JURUSAN (Daya 160  s/d 250kVA),3/1/2004,114.1790951,-8.520202038
152,JF165,DS. PLAOSAN,2-2,KONTRUKSI TRAFO 2 TIANG 4 JURUSAN (Daya 160  s/d 250kVA),7/2/2007,114.1930207,-8.525092739
153,JF166,DS. SELOREJO,2-2,KONTRUKSI TRAFO 2 TIANG 4 JURUSAN (Daya 160  s/d 250kVA),6/29/2007,114.1924223,-8.529949299
154,JF306,DS. PLAOSAN,2-2,KONTRUKSI TRAFO 2 TIANG 4 JURUSAN (Daya 160  s/d 250kVA),1/1/2008,114.1990337,-8.52978786
155,JF127,DS. KEDUNGREJO,2-2,KONTRUKSI TRAFO 2 TIANG 4 JURUSAN (Daya 160  s/d 250kVA),8/21/2011,114.1726044,-8.513293114
156,JF123,DS. SAMBIREJO,2-2,KONTRUKSI TRAFO 2 TIANG 4 JURUSAN (Daya 160  s/d 250kVA),5/25/2008,114.1760693,-8.489891845
157,JF024,DS. KEDUNGRINGIN,2-2,KONTRUKSI TRAFO 2 TIANG 4 JURUSAN (Daya 160  s/d 250kVA),5/24/2012,114.193405,-8.514233395
158,JG302,DS. BARUREJO,2-2,KONTRUKSI TRAFO 2 TIANG 4 JURUSAN (Daya 160  s/d 250kVA),4/2/2005,114.1095292,-8.466629205
159,JG301,DS. BARUREJO,2-2,KONTRUKSI TRAFO 2 TIANG 4 JURUSAN (Daya 160  s/d 250kVA),4/2/2005,114.1148104,-8.470538613
160,JG365,DS.BARUREJO,2-2,KONTRUKSI TRAFO 2 TIANG 4 JURUSAN (Daya 160  s/d 250kVA),4/24/2012,114.1121002,-8.486702582
161,JG268,DS. SUMBERSUKO,2-2,KONTRUKSI TRAFO 2 TIANG 4 JURUSAN (Daya 160  s/d 250kVA),3/25/2004,114.1265121,-8.531038603
162,JG132,DS. KALIGESING,2-2,KONTRUKSI TRAFO 2 TIANG 4 JURUSAN (Daya 160  s/d 250kVA),3/1/2004,114.1192378,-8.462588026
163,JG297,DS. KEBONDALEM,2-2,KONTRUKSI TRAFO 2 TIANG 4 JURUSAN (Daya 160  s/d 250kVA),4/2/2005,114.1248385,-8.473079885
164,JG162,DS. RINGINTELU,2-2,KONTRUKSI TRAFO 2 TIANG 4 JURUSAN (Daya 160  s/d 250kVA),3/1/2004,114.1251452,-8.48501146
165,JG056,DS. RINGINTELU,2-2,KONTRUKSI TRAFO 2 TIANG 4 JURUSAN (Daya 160  s/d 250kVA),3/1/2004,114.1161524,-8.495042665
166,JF175,DS. NGADIREJO,2-2,KONTRUKSI TRAFO 2 TIANG 4 JURUSAN (Daya 160  s/d 250kVA),3/1/2004,114.1924248,-8.495484349
167,JF124,DS. SAMBIREJO,2-2,KONTRUKSI TRAFO 2 TIANG 4 JURUSAN (Daya 160  s/d 250kVA),5/25/2008,114.1750505,-8.504220307
168,JG079,DS.BARUREJO,2-2,KONTRUKSI TRAFO 2 TIANG 4 JURUSAN (Daya 160  s/d 250kVA),8/18/2010,114.1171224,-8.48833738
169,JF075,DS.SAMBIREJO,2-2,KONTRUKSI TRAFO 2 TIANG 4 JURUSAN (Daya 160  s/d 250kVA),8/17/2010,114.1730131,-8.508795128
170,JG122,DS. BARUREJO,2-2,KONTRUKSI TRAFO 2 TIANG 4 JURUSAN (Daya 160  s/d 250kVA),3/1/2004,114.1137267,-8.479131193
171,JG353,DS. KEBONREJO,2-2,KONTRUKSI TRAFO 2 TIANG 4 JURUSAN (Daya 160  s/d 250kVA),9/6/2010,114.1178878,-8.483580276
172,JG300,DS. SENEPOLOR,2-2,KONTRUKSI TRAFO 2 TIANG 4 JURUSAN (Daya 160  s/d 250kVA),4/2/2005,114.1011188,-8.483782895
173,JG263,DS. KEDUNGAGUNG,2-2,KONTRUKSI TRAFO 2 TIANG 4 JURUSAN (Daya 160  s/d 250kVA),6/28/2006,114.1480523,-8.523379214
174,JG262,DS. SAMBIREJO,2-2,KONTRUKSI TRAFO 2 TIANG 4 JURUSAN (Daya 160  s/d 250kVA),6/28/2006,114.1490555,-8.519283729
175,JG264,DS. SILIRSARI,2-2,KONTRUKSI TRAFO 2 TIANG 4 JURUSAN (Daya 160  s/d 250kVA),2/12/2011,114.135365,-8.525001479
176,JG265,DS. YUDOMULYO,2-2,KONTRUKSI TRAFO 2 TIANG 4 JURUSAN (Daya 160  s/d 250kVA),6/28/2007,114.1320534,-8.517390221
177,JG267,DS. RINGINTELU,2-2,KONTRUKSI TRAFO 2 TIANG 4 JURUSAN (Daya 160  s/d 250kVA),1/7/2010,114.1289303,-8.503458277
178,JG266,DS. SUKOREJO,2-2,KONTRUKSI TRAFO 2 TIANG 4 JURUSAN (Daya 160  s/d 250kVA),5/29/2007,114.131414,-8.507655996
179,JG269,DS. SUMBERBENING,2-2,KONTRUKSI TRAFO 2 TIANG 4 JURUSAN (Daya 160  s/d 250kVA),4/23/2003,114.1201244,-8.54469094
180,JG236,DS.SUKOREJO,2-2,KONTRUKSI TRAFO 2 TIANG 4 JURUSAN (Daya 160  s/d 250kVA),3/19/2015,114.1322891,-8.504228883
181,JF150,DS. SAMBIREJO,2-2,KONTRUKSI TRAFO 2 TIANG 4 JURUSAN (Daya 160  s/d 250kVA),7/2/2007,114.1749656,-8.494473956
182,JF126,DS. KEDUNGREJO,2-2,KONTRUKSI TRAFO 2 TIANG 4 JURUSAN (Daya 160  s/d 250kVA),5/25/2008,114.1685945,-8.509227616
183,JF151,DS. KEDUNGREJO,2-2,KONTRUKSI TRAFO 2 TIANG 4 JURUSAN (Daya 160  s/d 250kVA),10/5/2012,114.1788235,-8.511687256
184,JF025,DS. KEDUNGRINGIN,2-2,KONTRUKSI TRAFO 2 TIANG 4 JURUSAN (Daya 160  s/d 250kVA),7/18/2007,114.1841431,-8.511514621
185,JF174,DS. NGADIMULYO,2-2,KONTRUKSI TRAFO 2 TIANG 4 JURUSAN (Daya 160  s/d 250kVA),5/24/2012,114.1938239,-8.503415459
186,JF140,DS.TAMANSURUH,2-2,KONTRUKSI TRAFO 2 TIANG 4 JURUSAN (Daya 160  s/d 250kVA),7/2/2007,114.1755523,-8.492449487
187,JF177,DS.NGADIREJO,2-2,KONTRUKSI TRAFO 2 TIANG 4 JURUSAN (Daya 160  s/d 250kVA),2/2/2017,114.198295,-8.499161524
188,JG073,DS. KESILIR,2-2,KONTRUKSI TRAFO 2 TIANG 4 JURUSAN (Daya 160  s/d 250kVA),10/12/2012,114.115886,-8.537397464
189,JF131,DS.SAMBIREJO,2-2,KONTRUKSI TRAFO 2 TIANG 4 JURUSAN (Daya 160  s/d 250kVA),5/20/2017,114.1789875,-8.49147021
190,JG195,DS.YUDOMULYO,2-2,KONTRUKSI TRAFO 2 TIANG 4 JURUSAN (Daya 160  s/d 250kVA),6/28/2007,114.1300715,-8.514520366
191,JF185,DS.PLAOSAN,2-2,KONTRUKSI TRAFO 2 TIANG 4 JURUSAN (Daya 160  s/d 250kVA),11/20/2017,114.1900509,-8.525356696
192,JF106,DS.PLAOSAN,2-2,KONTRUKSI TRAFO 2 TIANG 4 JURUSAN (Daya 160  s/d 250kVA),1/1/2008,114.19736,-8.534296833
193,JF176,DS.NGADIREJO,2-2,KONTRUKSI TRAFO 2 TIANG 4 JURUSAN (Daya 160  s/d 250kVA),11/29/2016,114.1943272,-8.499625959
194,JF112,DS.SAMBIREJO,2-2,KONTRUKSI TRAFO 2 TIANG 4 JURUSAN (Daya 160  s/d 250kVA),10/20/2016,114.1872733,-8.511444066
195,JF113,DS.TAMANSURUH,2-2,KONTRUKSI TRAFO 2 TIANG 4 JURUSAN (Daya 160  s/d 250kVA),9/23/2015,114.1768345,-8.485876868
196,JG239,DS.SILIRAGUNG,2-2,KONTRUKSI TRAFO 2 TIANG 4 JURUSAN (Daya 160  s/d 250kVA),3/15/2016,114.1204703,-8.555049637
197,JF376,DS.SELOREJO,2-2,KONTRUKSI TRAFO 2 TIANG 4 JURUSAN (Daya 160  s/d 250kVA),6/29/2007,114.1861061,-8.532169334
198,JG399,DS.SILIRAGUNG,2-2,KONTRUKSI TRAFO 2 TIANG 4 JURUSAN (Daya 160  s/d 250kVA),3/15/2016,114.1213566,-8.557914086
199,JG296,DS.PASEMBON,2-2,KONTRUKSI TRAFO 2 TIANG 4 JURUSAN (Daya 160  s/d 250kVA),7/13/2017,114.1487224,-8.52269815
200,JF405,Sambirejo,2-2,KONTRUKSI TRAFO 2 TIANG 4 JURUSAN (Daya 160  s/d 250kVA),1/1/2020,114.171105,-8.506044268
201,JF475,DS. NGADIREJO,2-2,KONTRUKSI TRAFO 2 TIANG 4 JURUSAN (Daya 160  s/d 250kVA),1/15/2020,114.1874026,-8.495334473
202,JF021,DS. KEDUNGREJO,2-3,KONTRUKSI TRAFO 2 TIANG 4 JURUSAN (Daya 160  s/d 250kVA),7/18/2007,114.1709132,-8.523638508
203,JG022,DS. KEDUNGREJO,2-3,KONTRUKSI TRAFO 2 TIANG 4 JURUSAN (Daya 160  s/d 250kVA),7/18/2007,114.16943,-8.530462832
204,JG128,DS. SILIRKROMBANG,2-3,KONTRUKSI TRAFO 2 TIANG 4 JURUSAN (Daya 160  s/d 250kVA),10/23/2007,114.1665004,-8.536925629
205,JG129,DS. SNEPOREJO,2-3,KONTRUKSI TRAFO 2 TIANG 4 JURUSAN (Daya 160  s/d 250kVA),10/11/2012,114.1557581,-8.53636667
206,JG218,DS. SILIRSARI,2-3,KONTRUKSI TRAFO 2 TIANG 4 JURUSAN (Daya 160  s/d 250kVA),3/1/2004,114.1438486,-8.535704346
207,JG313,DS. WONOREJO,2-3,KONTRUKSI TRAFO 2 TIANG 4 JURUSAN (Daya 160  s/d 250kVA),4/2/2005,114.1635169,-8.549454801
208,JG314,DS. SUMBERJAMBE,2-3,KONTRUKSI TRAFO 2 TIANG 4 JURUSAN (Daya 160  s/d 250kVA),4/2/2005,114.1673572,-8.550062035
209,JG316,DS. SUMBERJAMBE,2-3,KONTRUKSI TRAFO 2 TIANG 4 JURUSAN (Daya 160  s/d 250kVA),5/16/2012,114.1904412,-8.550009356
210,JG315,DS. SUMBERJAMBE,2-3,KONTRUKSI TRAFO 2 TIANG 4 JURUSAN (Daya 160  s/d 250kVA),5/15/2012,114.1809175,-8.550650397
211,JG317,DS. SUMBERJAMBE,2-3,KONTRUKSI TRAFO 2 TIANG 4 JURUSAN (Daya 160  s/d 250kVA),4/2/2005,114.1968498,-8.552746861
212,JG318,DS. SUMBERJAMBE,2-3,KONTRUKSI TRAFO 2 TIANG 4 JURUSAN (Daya 160  s/d 250kVA),4/2/2005,114.1933295,-8.55671134
213,JG364,DS.PESANGGARAN,2-3,KONTRUKSI TRAFO 2 TIANG 4 JURUSAN (Daya 160  s/d 250kVA),12/24/2009,114.1023323,-8.556468157
214,JG366,DS.SUKOREJO,2-3,KONTRUKSI TRAFO 2 TIANG 4 JURUSAN (Daya 160  s/d 250kVA),12/24/2009,114.1116156,-8.51366495
215,JG072,DS. SENEPO REJO,2-3,KONTRUKSI TRAFO 2 TIANG 4 JURUSAN (Daya 160  s/d 250kVA),2/21/2012,114.1502051,-8.535786436
216,JG206,DS.SUKOMUKTI,2-3,KONTRUKSI TRAFO 2 TIANG 4 JURUSAN (Daya 160  s/d 250kVA),10/1/2013,114.1104982,-8.521671235
217,JG204,DS.SUKOMUKTI,2-3,KONTRUKSI TRAFO 2 TIANG 4 JURUSAN (Daya 160  s/d 250kVA),4/18/2012,114.1100712,-8.521419779
218,JG146,DS. RINGINTELU,2-3,KONTRUKSI TRAFO 2 TIANG 4 JURUSAN (Daya 160  s/d 250kVA),1/26/2012,114.1142977,-8.502577071
219,JG059,DS. SUMBERSUKO,2-3,KONTRUKSI TRAFO 2 TIANG 4 JURUSAN (Daya 160  s/d 250kVA),7/24/2005,114.110129,-8.536563638
220,JG060,DS. KESILIR,2-3,KONTRUKSI TRAFO 2 TIANG 4 JURUSAN (Daya 160  s/d 250kVA),8/24/2006,114.1094958,-8.546588754
221,JG149,DS. SUMBERBENING,2-3,KONTRUKSI TRAFO 2 TIANG 4 JURUSAN (Daya 160  s/d 250kVA),1/24/2008,114.1098008,-8.541938488
222,JG061,DS. KESILIR,2-3,KONTRUKSI TRAFO 2 TIANG 4 JURUSAN (Daya 160  s/d 250kVA),3/1/2004,114.1098264,-8.553900183
223,JG062,DS. SILIRAGUNG,2-3,KONTRUKSI TRAFO 2 TIANG 4 JURUSAN (Daya 160  s/d 250kVA),3/1/2004,114.1125917,-8.553697336
224,JG038,DS. SILIRAGUNG,2-3,KONTRUKSI TRAFO 2 TIANG 4 JURUSAN (Daya 160  s/d 250kVA),6/28/2011,114.1092468,-8.557758249
225,JG057,DS. SUKOREJO,2-3,KONTRUKSI TRAFO 2 TIANG 4 JURUSAN (Daya 160  s/d 250kVA),3/1/2004,114.1124268,-8.509264295
226,JG307,DS. SENEPOSEPI,2-3,KONTRUKSI TRAFO 2 TIANG 4 JURUSAN (Daya 160  s/d 250kVA),5/17/2012,114.100942,-8.519941246
227,JG058,Ds. SUKOMUKTI,2-3,KONTRUKSI TRAFO 2 TIANG 4 JURUSAN (Daya 160  s/d 250kVA),3/1/2004,114.1106352,-8.52013734
228,JG148,DS. SUMBERSUKO,2-3,KONTRUKSI TRAFO 2 TIANG 4 JURUSAN (Daya 160  s/d 250kVA),3/1/2004,114.110519,-8.53056195
229,JG147,DS. SUMBERSUKO,2-3,KONTRUKSI TRAFO 2 TIANG 4 JURUSAN (Daya 160  s/d 250kVA),2/15/2012,114.1101629,-8.525591553
230,JG063,DS. MULYOSARI,2-3,KONTRUKSI TRAFO 2 TIANG 4 JURUSAN (Daya 160  s/d 250kVA),7/24/2007,114.1007916,-8.560823256
231,JG303,DS. MULYOSARI,2-3,KONTRUKSI TRAFO 2 TIANG 4 JURUSAN (Daya 160  s/d 250kVA),2/16/2008,114.1020752,-8.549156373
232,JG319,DS.TEMUREJO,2-3,KONTRUKSI TRAFO 2 TIANG 4 JURUSAN (Daya 160  s/d 250kVA),,114.1549115,-8.552134791
233,JG320,DS.SILIRSARI,2-3,KONTRUKSI TRAFO 2 TIANG 4 JURUSAN (Daya 160  s/d 250kVA),1/21/2015,114.1395346,-8.547727959
234,JG238,DS.SUKOREJO,2-3,KONTRUKSI TRAFO 2 TIANG 4 JURUSAN (Daya 160  s/d 250kVA),5/3/2015,114.1083814,-8.520038776
235,JG096,DS.RINGINTELU,2-3,KONTRUKSI TRAFO 2 TIANG 4 JURUSAN (Daya 160  s/d 250kVA),5/25/2015,114.1156707,-8.497983384
236,JG102,DS.SILIRAGUNG,2-3,KONTRUKSI TRAFO 2 TIANG 4 JURUSAN (Daya 160  s/d 250kVA),3/1/2004,114.1121037,-8.554609953
237,JG098,DS.SILIR,2-3,KONTRUKSI TRAFO 2 TIANG 4 JURUSAN (Daya 160  s/d 250kVA),6/28/2011,114.1092269,-8.560067662
238,JG193,DS.SUMBERMULYO,2-3,KONTRUKSI TRAFO 2 TIANG 4 JURUSAN (Daya 160  s/d 250kVA),2/16/2008,114.1023343,-8.545361364
239,JG160,DS.KESILIR,2-3,KONTRUKSI TRAFO 2 TIANG 4 JURUSAN (Daya 160  s/d 250kVA),11/30/2017,114.1090531,-8.553075532
240,JG164,DS.RINGINTELU,2-3,KONTRUKSI TRAFO 2 TIANG 4 JURUSAN (Daya 160  s/d 250kVA),12/20/2017,114.1132145,-8.506522639
241,JG161,DS.SUMBERJAMBE,2-3,KONTRUKSI TRAFO 2 TIANG 4 JURUSAN (Daya 160  s/d 250kVA),12/26/2017,114.190383,-8.54766803
242,JG130,DS.SENEPOREJO,2-3,KONTRUKSI TRAFO 2 TIANG 4 JURUSAN (Daya 160  s/d 250kVA),5/5/2017,114.1577277,-8.531402706
243,JG138,DS.SUMBERSUKO,2-3,KONTRUKSI TRAFO 2 TIANG 4 JURUSAN (Daya 160  s/d 250kVA),3/1/2004,114.1131384,-8.529913811
244,JG035,DS. SILIRSARI,2-3,KONTRUKSI TRAFO 2 TIANG 4 JURUSAN (Daya 160  s/d 250kVA),3/1/2004,114.1388601,-8.537348995
245,JG335,DS.PLAOSAN,2-3,KONTRUKSI TRAFO 2 TIANG 4 JURUSAN (Daya 160  s/d 250kVA),12/20/2017,114.1849879,-8.550835988
246,JG380,DS.SENEPOREJO,2-3,KONTRUKSI TRAFO 2 TIANG 4 JURUSAN (Daya 160  s/d 250kVA),7/18/2007,114.1718697,-8.532675722
247,JG371,DS.SUMBERJAMBE,2-3,KONTRUKSI TRAFO 2 TIANG 4 JURUSAN (Daya 160  s/d 250kVA),4/2/2005,114.1979274,-8.549006017
248,JG381,"DS,SUMBERJAMBE",2-3,KONTRUKSI TRAFO 2 TIANG 4 JURUSAN (Daya 160  s/d 250kVA),4/2/2005,114.1938206,-8.559702302
249,JG387,DS.SENEPOSEPI,2-3,KONTRUKSI TRAFO 2 TIANG 4 JURUSAN (Daya 160  s/d 250kVA),5/17/2012,114.1022324,-8.515160684
250,JG334,DS.SUMBERMULYO,2-3,KONTRUKSI TRAFO 2 TIANG 4 JURUSAN (Daya 160  s/d 250kVA),9/24/2018,114.1046813,-8.555273077
251,JG103,DS.MULYOASRI,2-3,KONTRUKSI TRAFO 2 TIANG 4 JURUSAN (Daya 160  s/d 250kVA),4/23/2017,114.096426,-8.549720571
252,JG348,DS.SUKOREJO,2-3,KONTRUKSI TRAFO 2 TIANG 4 JURUSAN (Daya 160  s/d 250kVA),7/10/2019,114.111106,-8.517034837
253,JG418,DS.RINGINAGUNG,2-3,KONTRUKSI TRAFO 2 TIANG 4 JURUSAN (Daya 160  s/d 250kVA),11/23/2017,114.0847551,-8.588306703
254,JG184,DS.RINGINAGUNG,2-3,KONTRUKSI TRAFO 2 TIANG 4 JURUSAN (Daya 160  s/d 250kVA),11/23/2017,114.081407,-8.584559131
255,JG409,Ds. SUKOMUKTI,2-3,KONTRUKSI TRAFO 2 TIANG 4 JURUSAN (Daya 160  s/d 250kVA),,114.1179699,-8.521205575
256,JG388,DS. SILIRKROMBANG,2-3,KONTRUKSI TRAFO 2 TIANG 4 JURUSAN (Daya 160  s/d 250kVA),10/23/2007,114.1643959,-8.544669574
257,JG375,DS. SUMBERJAMBE,2-3,KONTRUKSI TRAFO 2 TIANG 4 JURUSAN (Daya 160  s/d 250kVA),5/15/2012,114.1728693,-8.550435175
258,JG434,DS. MULYOSARI,2-3,KONTRUKSI TRAFO 2 TIANG 4 JURUSAN (Daya 160  s/d 250kVA),12/4/2019,114.1012134,-8.558554613
259,JG431,DS. SUMBERJAMBE,2-3,KONTRUKSI TRAFO 2 TIANG 4 JURUSAN (Daya 160  s/d 250kVA),12/8/2019,114.16588,-8.553386656
260,JG437,DS. SUMBERSUKO,2-3,KONTRUKSI TRAFO 2 TIANG 4 JURUSAN (Daya 160  s/d 250kVA),12/15/2019,114.1155535,-8.524534976
261,JG397,DS. SUKOREJO,2-3,KONTRUKSI TRAFO 2 TIANG 4 JURUSAN (Daya 160  s/d 250kVA),3/1/2004,114.1151075,-8.510175215
262,JG119,DS. SIDORUKUN,2-4,KONTRUKSI TRAFO 2 TIANG 4 JURUSAN (Daya 160  s/d 250kVA),10/21/2007,114.1190434,-8.589896577
263,JG360,DS. PECEMENGAN,2-4,KONTRUKSI TRAFO 2 TIANG 4 JURUSAN (Daya 160  s/d 250kVA),3/1/2009,114.133645,-8.602764076
264,JG208,DS.LAMPON,2-4,KONTRUKSI TRAFO 2 TIANG 4 JURUSAN (Daya 160  s/d 250kVA),5/30/2012,114.0880959,-8.614751209
265,JG310,DS. PURWOSARI BULU AGUNG,2-4,KONTRUKSI TRAFO 2 TIANG 4 JURUSAN (Daya 160  s/d 250kVA),2/16/2006,114.1156481,-8.612619512
266,JG225,DS. TEGALWAGAH,2-4,KONTRUKSI TRAFO 2 TIANG 4 JURUSAN (Daya 160  s/d 250kVA),1/24/2006,114.1307151,-8.557731454
267,JG257,DS. SILIRAGUNG,2-4,KONTRUKSI TRAFO 2 TIANG 4 JURUSAN (Daya 160  s/d 250kVA),6/28/2007,114.1084105,-8.567104881
268,JG117,DS. SILIRAGUNG,2-4,KONTRUKSI TRAFO 2 TIANG 4 JURUSAN (Daya 160  s/d 250kVA),4/12/2008,114.1090843,-8.570109163
269,JG118,DS. BULUAGUNG,2-4,KONTRUKSI TRAFO 2 TIANG 4 JURUSAN (Daya 160  s/d 250kVA),10/21/2007,114.1125328,-8.578217075
270,JG330,DS. BULUAGUNG,2-4,KONTRUKSI TRAFO 2 TIANG 4 JURUSAN (Daya 160  s/d 250kVA),9/25/1997,114.1255539,-8.58078038
271,JG219,DS. BULUAGUNG,2-4,KONTRUKSI TRAFO 2 TIANG 4 JURUSAN (Daya 160  s/d 250kVA),1/24/2007,114.1281637,-8.589884049
272,JG171,DS. BULUAGUNG,2-4,KONTRUKSI TRAFO 2 TIANG 4 JURUSAN (Daya 160  s/d 250kVA),1/24/2007,114.1243927,-8.605420181
273,JG224,DS. SILIRAGUNG,2-4,KONTRUKSI TRAFO 2 TIANG 4 JURUSAN (Daya 160  s/d 250kVA),1/24/2006,114.1198762,-8.56331033
274,JG181,DS.KRAJAN,2-4,KONTRUKSI TRAFO 2 TIANG 4 JURUSAN (Daya 160  s/d 250kVA),12/5/2017,114.116807,-8.581324381
275,JG028,DS. LAMPON,2-4,KONTRUKSI TRAFO 2 TIANG 4 JURUSAN (Daya 160  s/d 250kVA),12/14/2009,114.0948104,-8.613866728
276,JG299,DS.PECEMENGAN,2-4,KONTRUKSI TRAFO 2 TIANG 4 JURUSAN (Daya 160  s/d 250kVA),2/1/2014,114.1257014,-8.59097379
277,JG298,DS.LAMPON,2-4,KONTRUKSI TRAFO 2 TIANG 4 JURUSAN (Daya 160  s/d 250kVA),12/14/2009,114.1003306,-8.614104978
278,JG213,DS.TEGALWAGAH,2-4,KONTRUKSI TRAFO 2 TIANG 4 JURUSAN (Daya 160  s/d 250kVA),1/24/2006,114.1379768,-8.57134999
279,JG214,DS.TEGALWAGAH,2-4,KONTRUKSI TRAFO 2 TIANG 4 JURUSAN (Daya 160  s/d 250kVA),1/24/2006,114.1368244,-8.57718817
280,JG198,DS.BULUAGUNG,2-4,KONTRUKSI TRAFO 2 TIANG 4 JURUSAN (Daya 160  s/d 250kVA),10/21/2007,114.1089175,-8.576420408
281,JG179,DS.KRAJAN,2-4,KONTRUKSI TRAFO 2 TIANG 4 JURUSAN (Daya 160  s/d 250kVA),1/24/2007,114.1248808,-8.609016999
282,JG170,DS.KRAJAN,2-4,KONTRUKSI TRAFO 2 TIANG 4 JURUSAN (Daya 160  s/d 250kVA),1/24/2007,114.1206272,-8.603546585
283,JG191,DS.KRAJAN,2-4,KONTRUKSI TRAFO 2 TIANG 4 JURUSAN (Daya 160  s/d 250kVA),12/10/2017,114.1205355,-8.594725637
284,JG383,DS.SILIRAGUNG,2-4,KONTRUKSI TRAFO 2 TIANG 4 JURUSAN (Daya 160  s/d 250kVA),1/24/2006,114.1523876,-8.575822047
285,JG384,DS.TEGALWAGAH,2-4,KONTRUKSI TRAFO 2 TIANG 4 JURUSAN (Daya 160  s/d 250kVA),12/5/2018,114.1564989,-8.574762504
286,JG187,DS.KRAJAN,2-4,KONTRUKSI TRAFO 2 TIANG 4 JURUSAN (Daya 160  s/d 250kVA),12/20/2017,114.108973,-8.573681162
287,JG069,DS. PACEMENGAN,2-4,KONTRUKSI TRAFO 2 TIANG 4 JURUSAN (Daya 160  s/d 250kVA),9/11/2007,114.1257265,-8.591228199
288,JG430,DS. BULUAGUNG,2-4,KONTRUKSI TRAFO 2 TIANG 4 JURUSAN (Daya 160  s/d 250kVA),1/24/2007,114.1260004,-8.584452187
289,JG110,DS. PURWOSARI BULU AGUNG,2-4,KONTRUKSI TRAFO 2 TIANG 4 JURUSAN (Daya 160  s/d 250kVA),2/16/2006,114.1176819,-8.611401325
